{
  "best_model": "logistic_regression",
  "best_roc_auc": 0.9986262626262625,
  "feature_names": [
    "Age",
    "Sex",
    "Systolic_BP",
    "Diastolic_BP",
    "Cholesterol",
    "BMI",
    "Smoking",
    "Exercise_Hours_Per_Week",
    "Sleep_Hours_Per_Day",
    "Stress_Level",
    "Max_Heart_Rate",
    "Chest_Pain_Type",
    "Fasting_Blood_Sugar",
    "Exercise_Induced_Angina",
    "ST_Depression",
    "Pulse_Pressure",
    "MAP",
    "HR_Age_Ratio",
    "BMI_Category",
    "Chol_Age_Risk",
    "Stress_Sleep_Ratio"
  ],
  "n_samples": 1000,
  "positive_rate": 0.55,
  "models": {
    "logistic_regression": {
      "roc_auc": 0.9986262626262625,
      "precision": 0.9785600342851714,
      "recall": 0.9872727272727275,
      "f1": 0.9827775020862426,
      "train_roc_auc": 0.9995441919191919,
      "std_roc_auc": 0.00092268179771066,
      "training_time_s": 2.01
    },
    "random_forest": {
      "roc_auc": 0.9718181818181819,
      "precision": 0.9111625941076472,
      "recall": 0.9072727272727275,
      "f1": 0.909026563296117,
      "train_roc_auc": 1.0,
      "std_roc_auc": 0.006283120588218,
      "training_time_s": 3.05
    },
    "xgboost": {
      "roc_auc": 0.9787474747474747,
      "precision": 0.9056422924901186,
      "recall": 0.9345454545454546,
      "f1": 0.9196969243956143,
      "train_roc_auc": 1.0,
      "std_roc_auc": 0.006368156163054505,
      "training_time_s": 2.16
    },
    "lightgbm": {
      "roc_auc": 0.9817979797979799,
      "precision": 0.9254198155893072,
      "recall": 0.9381818181818181,
      "f1": 0.9315449455864714,
      "train_roc_auc": 1.0,
      "std_roc_auc": 0.005562493372318767,
      "training_time_s": 5.35
    },
    "catboost": {
      "roc_auc": NaN,
      "precision": NaN,
      "recall": NaN,
      "f1": NaN,
      "train_roc_auc": NaN,
      "std_roc_auc": NaN,
      "training_time_s": 1.77
    }
  }
}